{"kafl": {"libxdc": [3.2080724239349365, 3.2068734169006348, 3.201446533203125], "libipt": [31.598604679107666, 31.500219106674194, 31.474735260009766], "WinAFL": [15.416011333465576, 15.407593965530396, 15.407665729522705], "PTrix": [5.85842752456665, 5.856276035308838, 5.858566999435425], "killerbeez": [4.2497735023498535, 4.250158309936523, 4.251294851303101], "honggfuzz": [18.223349571228027, 18.25139355659485, 18.244810819625854]}}