{"kernel": {"libxdc": [13.793720245361328, 13.788646221160889, 13.79060983657837], "libipt": [359.270437002182, 359.19462490081787, 359.31966376304626], "WinAFL": [287.71789622306824, 287.6317934989929, 287.73174715042114], "PTrix": [47.05186200141907, 47.01279139518738, 47.05430030822754], "killerbeez": [19.393622875213623, 19.408017873764038, 19.38644552230835], "honggfuzz": [30.539408206939697, 30.55755352973938, 30.579928636550903]}}