{"infiniteloop1": {"libxdc": [9.198009252548218, 9.191635847091675, 9.193233251571655], "libipt": [99.70085835456848, 99.70491766929626, 99.68615412712097], "WinAFL": [48.99276638031006, 48.99586319923401, 49.023184061050415], "PTrix": [12.395986557006836, 12.396574974060059, 12.397602558135986], "killerbeez": [9.572529554367065, 9.569757223129272, 9.575963258743286], "honggfuzz": [23.208917379379272, 23.250584840774536, 23.240148782730103]}}