{"kernel": {"libxdc": [14.257591724395752, 14.337135314941406, 14.256698369979858], "libipt": [339.1761212348938, 338.24546933174133, 337.85487389564514], "WinAFL": [273.4109673500061, 274.58882427215576, 277.6735363006592], "PTrix": [46.63697028160095, 46.70348143577576, 46.69603776931763], "killerbeez": [19.10817575454712, 19.1667218208313, 19.164212703704834], "honggfuzz": [30.09915804862976, 30.00874137878418, 29.698689937591553]}}