{"unzip": {"libxdc": [13.557324886322021, 13.677005290985107, 13.876964569091797], "libipt": [562.6860318183899, 561.6045658588409, 561.391927242279], "WinAFL": [76.54260063171387, 76.88590955734253, 76.88547205924988], "PTrix": [44.21449542045593, 44.22275996208191, 44.18707728385925], "killerbeez": [26.896203994750977, 26.87798309326172, 26.88803482055664], "honggfuzz": [34.37492084503174, 34.32842946052551, 34.35638117790222]}}