{"infiniteloop1": {"libxdc": [14.10989761352539, 14.111510038375854, 14.120378971099854], "libipt": [97.52472114562988, 97.59413528442383, 97.96107912063599], "WinAFL": [48.21060371398926, 48.31126070022583, 48.18827486038208], "PTrix": [12.11869764328003, 12.136718988418579, 12.114854574203491], "killerbeez": [9.324925184249878, 9.309480428695679, 9.313644409179688], "honggfuzz": [22.372076988220215, 22.40645480155945, 22.406349897384644]}}