{"avscript32": {"libxdc": [21.64110803604126, 22.094226598739624, 21.733644247055054], "libipt": [455.3418142795563, 454.8047425746918, 455.54203724861145], "WinAFL": [39.44502019882202, 39.57171034812927, 39.47456359863281], "PTrix": [30.551585912704468, 30.602534532546997, 30.5577175617218], "killerbeez": [29.60711359977722, 29.607457160949707, 29.597422122955322], "honggfuzz": [34.61811971664429, 34.64323663711548, 34.611664056777954]}}