{"qemu": {"libxdc": [10.423635959625244, 10.389078378677368, 10.392786502838135], "libipt": [234.24740171432495, 234.2343292236328, 233.1767599582672], "WinAFL": [39.56098246574402, 39.54607653617859, 39.55313324928284], "PTrix": [29.375980377197266, 29.376760244369507, 29.37441897392273], "killerbeez": [14.308075189590454, 14.304217338562012, 14.306308269500732], "honggfuzz": [26.272217273712158, 26.274299144744873, 26.278498888015747]}}