{"qemu": {"libxdc": [10.549071073532104, 10.578421354293823, 10.57931900024414], "libipt": [223.04842162132263, 222.9364049434662, 223.33691787719727], "WinAFL": [38.72880840301514, 38.50068283081055, 38.55416941642761], "PTrix": [29.06643772125244, 29.070017337799072, 29.07045269012451], "killerbeez": [14.044565439224243, 14.086127281188965, 14.040449380874634], "honggfuzz": [25.583093881607056, 25.56641936302185, 25.55601739883423]}}