{"avscript32": {"libxdc": [17.644229888916016, 17.557157278060913, 17.647284507751465], "libipt": [483.6741633415222, 483.6678988933563, 483.68271565437317], "WinAFL": [40.46469044685364, 40.46374320983887, 40.67131757736206], "PTrix": [30.83622169494629, 30.84215545654297, 30.839329957962036], "killerbeez": [29.91515064239502, 29.901925802230835, 29.911574125289917], "honggfuzz": [36.01546120643616, 35.997249126434326, 36.019673109054565]}}