{"mruby": {"libxdc": [14.246571063995361, 13.962961196899414, 13.840040683746338], "libipt": [181.77495431900024, 188.71951937675476, 182.15902519226074], "WinAFL": [26.527976989746094, 26.532259225845337, 26.57023310661316], "PTrix": [20.404979705810547, 20.397592782974243, 20.41404891014099], "killerbeez": [14.39134430885315, 14.332619428634644, 14.354607820510864], "honggfuzz": [26.320515871047974, 26.507142305374146, 26.324020862579346]}}