{"kafl": {"libxdc": [3.20576548576355, 3.198309898376465, 3.1992223262786865], "libipt": [28.114659309387207, 28.10221767425537, 28.121406316757202], "WinAFL": [15.805392742156982, 15.784427642822266, 15.798227310180664], "PTrix": [6.147305250167847, 6.145415782928467, 6.146397352218628], "killerbeez": [4.519785642623901, 4.51899528503418, 4.517725944519043], "honggfuzz": [18.680987119674683, 18.691292762756348, 18.690377950668335]}}