{"unzip": {"libxdc": [13.091367483139038, 13.080779075622559, 13.099347591400146], "libipt": [599.7339894771576, 601.651385307312, 601.6361329555511], "WinAFL": [80.67538952827454, 80.66385006904602, 80.67781209945679], "PTrix": [44.77525854110718, 44.777132987976074, 44.772343158721924], "killerbeez": [27.312451124191284, 27.301586866378784, 27.30907940864563], "honggfuzz": [35.48944067955017, 35.50871467590332, 35.42344951629639]}}