{"foo": {"libxdc": [18.71668028831482, 18.71793484687805, 18.736114025115967], "libipt": [264.2564306259155, 264.2411596775055, 264.2601225376129], "WinAFL": [32.66045546531677, 32.65367412567139, 32.67722988128662], "PTrix": [30.378162622451782, 30.382900714874268, 30.38655734062195], "killerbeez": [22.113218069076538, 22.11272382736206, 22.114527225494385], "honggfuzz": [31.105052947998047, 31.081105709075928, 31.01990580558777]}}