{"foo": {"libxdc": [19.63111138343811, 18.906224250793457, 18.774725198745728], "libipt": [257.3011362552643, 255.35831570625305, 254.5818419456482], "WinAFL": [32.2674880027771, 32.26664447784424, 32.32568120956421], "PTrix": [29.946956634521484, 29.945348501205444, 29.939990282058716], "killerbeez": [21.727019786834717, 21.715177297592163, 21.65798282623291], "honggfuzz": [29.91933560371399, 29.961653232574463, 29.81063175201416]}}