{"mruby": {"libxdc": [13.261010885238647, 13.256471395492554, 13.240140199661255], "libipt": [187.89929962158203, 187.8903238773346, 187.89612674713135], "WinAFL": [26.945855617523193, 26.904771327972412, 26.94957685470581], "PTrix": [20.800804615020752, 20.808238983154297, 20.804975509643555], "killerbeez": [14.692042589187622, 14.688770771026611, 14.67565369606018], "honggfuzz": [27.270172595977783, 27.34626793861389, 27.318021297454834]}}